{
    "scale": null,
    "rotation": null,
    "translation": null,
    "metrics": {
        "columns": {
            "total": 29,
            "predicted": 28,
            "0.05": {
                "matched": 24,
                "precision": 0.8571428571428571,
                "recall": 0.8275862068965517,
                "f1": 0.8421052631578947
            },
            "0.1": {
                "matched": 28,
                "precision": 1.0,
                "recall": 0.9655172413793104,
                "f1": 0.9824561403508771
            },
            "0.2": {
                "matched": 28,
                "precision": 1.0,
                "recall": 0.9655172413793104,
                "f1": 0.9824561403508771
            }
        },
        "doors": {
            "total": 88,
            "predicted": 84,
            "0.05": {
                "matched": 50,
                "precision": 0.5952380952380952,
                "recall": 0.5681818181818182,
                "f1": 0.5813953488372093
            },
            "0.1": {
                "matched": 54,
                "precision": 0.6428571428571429,
                "recall": 0.6136363636363636,
                "f1": 0.6279069767441862
            },
            "0.2": {
                "matched": 62,
                "precision": 0.7380952380952381,
                "recall": 0.7045454545454546,
                "f1": 0.7209302325581395
            }
        },
        "walls": {
            "total": 227,
            "predicted": 223,
            "0.1": {
                "matched": 164,
                "precision": 0.7354260089686099,
                "recall": 0.7224669603524229,
                "f1": 0.7288888888888888
            },
            "0.2": {
                "matched": 180,
                "precision": 0.8071748878923767,
                "recall": 0.7929515418502202,
                "f1": 0.7999999999999999
            },
            "0.05": {
                "matched": 129,
                "precision": 0.57847533632287,
                "recall": 0.5682819383259912,
                "f1": 0.5733333333333334
            }
        }
    },
    "ious": {
        "columns": [
            0.27917295694351196,
            0.201240673661232,
            0.1672871708869934,
            1.0,
            0.3339640498161316,
            1.0,
            0.021545754745602608,
            1.0,
            0.0,
            0.04373857006430626,
            0.9999999403953552,
            0.4757946729660034,
            0.41948968172073364,
            0.17591121792793274,
            0.03336818888783455,
            0.15912078320980072,
            0.9999999403953552,
            0.3185986876487732,
            0.7396588325500488,
            1.0,
            1.0000001192092896,
            1.0000001192092896,
            1.0,
            0.010553894564509392,
            0.0766650140285492,
            0.16935540735721588,
            0.005559298675507307,
            0.9380561709403992,
            0.0
        ],
        "doors": [
            1.0,
            0.278277188539505,
            1.0,
            0.0739397183060646,
            0.38029706478118896,
            1.0000001192092896,
            0.9150065183639526,
            1.0,
            0.022891782224178314,
            1.0,
            1.0,
            0.1564258635044098,
            0.4793333411216736,
            1.0,
            0.09955304116010666,
            0.9999999403953552,
            0.361461877822876,
            0.8189267516136169,
            0.03129160404205322,
            1.0,
            1.0,
            0.028379103168845177,
            0.9999999403953552,
            1.0,
            1.0,
            1.0000001192092896,
            0.2791673541069031,
            1.0000001192092896,
            0.9999999403953552,
            1.0000001192092896,
            0.8097947835922241,
            1.0000001192092896,
            0.453244686126709,
            1.0,
            1.0,
            0.0,
            0.0,
            0.2064422369003296,
            0.9999999403953552,
            0.12537603080272675,
            0.059432558715343475,
            1.0000001192092896,
            0.0,
            0.0,
            0.0,
            0.9999999403953552,
            1.0,
            0.04991202801465988,
            0.17683568596839905,
            1.0,
            0.1791057139635086,
            0.7329548001289368,
            1.0000001192092896,
            0.0,
            0.0,
            0.48607146739959717,
            0.04684658721089363,
            1.0000001192092896,
            1.0,
            0.08951349556446075,
            0.009070849977433681,
            0.007821246050298214,
            1.0,
            0.04767614230513573,
            1.0,
            1.0,
            1.0,
            0.9999999403953552,
            0.9999999403953552,
            0.24877069890499115,
            0.789951741695404,
            0.2615888714790344,
            1.0,
            0.08454371243715286,
            0.11027119308710098,
            0.02068239077925682,
            0.057791683822870255,
            0.9999999403953552,
            0.04001346975564957,
            0.9999999403953552,
            0.7702332735061646,
            0.0003947504155803472,
            0.9999998807907104,
            0.9999999403953552,
            0.0,
            0.0,
            0.0,
            0.0
        ],