{
    "scale": null,
    "rotation": null,
    "translation": null,
    "metrics": {
        "0.05": {
            "matched": 2752,
            "precision": 1.0,
            "recall": 1.0,
            "f1": 1.0
        },
        "0.1": {
            "matched": 2752,
            "precision": 1.0,
            "recall": 1.0,
            "f1": 1.0
        },
        "0.2": {
            "matched": 2752,
            "precision": 1.0,
            "recall": 1.0,
            "f1": 1.0
        }
    },
    "ious": {
        "walls": [
            0.9999999403953552,
            1.0,
            0.9999999403953552,
            1.0000001192092896,
            1.0,
            0.9999998807907104,
            1.0000001192092896,
            1.0,
            1.0000001192092896,
            1.0000001192092896,
            1.0000001192092896,
            1.0,
            1.0,
            0.9999999403953552,
            1.0000001192092896,
            1.0,
            0.9999999403953552,
            0.9999999403953552,
            0.9999999403953552,
            1.0,
            1.0000001192092896,
            0.9999998807907104,
            0.9999999403953552,
            0.9999998807907104,
            0.9999999403953552,
            0.9999999403953552,
            0.9999999403953552,
            1.0,
            1.0000001192092896,
            1.0,
            1.0000001192092896,
            0.9999999403953552,
            1.0,
            1.0,
            0.9999999403953552,
            1.0,
            1.0,
            0.9999999403953552,
            0.9999998807907104,
            0.9999998807907104,
            0.9999999403953552,
            0.9999998807907104,
            0.9999998807907104,
            1.0,
            1.0,
            1.0,
            1.0,
            1.0,
            1.0,
            1.0,
            1.0000001192092896,
            0.9999998807907104,
            1.0,
            1.0,
            0.9999998807907104,
            1.0,
            1.0000001192092896,
            1.0,
            1.0,
            0.9995302557945251,
            1.0000001192092896,
            1.0,
            1.0,
            1.0,
            1.0,
            1.0,
            1.0,
            0.9999999403953552,
            1.0,
            1.0,
            1.0000001192092896,
            1.0000001192092896,
            1.0000001192092896,
            0.9999999403953552,
            1.0,
            1.0,
            0.9999999403953552,
            0.9999999403953552,
            1.0,
            1.0,
            1.000000238418579,
            0.9999999403953552,
            0.9999998807907104,
            1.0000001192092896,
            1.0000001192092896,
            1.0,
            1.0000001192092896,
            1.0,
            0.9999998211860657,
            1.0,
            0.9999999403953552,
            0.9999999403953552,
            1.0000001192092896,
            1.0000001192092896,
            0.9999998807907104,
            1.0,
            1.0000001192092896,
            1.0,
            0.9999999403953552,
            0.9999999403953552,
            0.9999999403953552,
            0.9999998807907104,
            1.0000001192092896,
            1.0,
            0.9999998807907104,
            1.0,
            0.9999998807907104,
            0.9999999403953552,
            1.0,
            1.0,
            1.0,
            1.0,
            0.9999998807907104,
            1.0000001192092896,
            1.0,
            1.0,
            1.0,
            1.0,
            0.9999999403953552,
            0.9999999403953552,
            0.9999998807907104,
            0.9999998807907104,
            0.9999998807907104,
            1.0,
            1.0,
            1.0,
            1.0,
            0.9999999403953552,
            1.0,
            1.0,
            1.0,
            0.9999999403953552,
            1.0,
            1.0,
            1.0000001192092896,
            1.0,
            0.9999998807907104,
            0.9999999403953552,
            1.0,
            0.9999999403953552,
            1.0000001192092896,
            1.0,
            1.0,
            1.0000001192092896,
            1.0000001192092896,
            1.0,
            1.0,
            1.0,
            1.0000001192092896,
            0.9999999403953552,
            0.9999998807907104,
            1.0000001192092896,
            1.0,
            0.9999999403953552,
            1.0000001192092896,
            0.9999999403953552,
            0.9999999403953552,
            1.0,
            0.9999998807907104,
            0.9999999403953552,
            0.9999998807907104,
            1.0000001192092896,
            1.0,
            1.0,
            1.0,
            1.0000001192092896,
            1.0,
            1.0,
            1.0,
            1.0,
            1.0,
            0.9999999403953552,
            1.0000001192092896,
            0.9999998807907104,
            1.0000001192092896,
            1.0000001192092896,
            0.9999999403953552,
            1.0,
            0.9999999403953552,
            1.0,
            0.9999999403953552,
            1.0,
            1.0,
            0.9999999403953552,
            1.0,
            1.0,
            0.9999999403953552,
            1.0000001192092896,
            1.0000001192092896,
            1.0,
            1.0,
            1.0,
            0.9987824559211731,
            0.9999999403953552,
            1.0,
            1.0,
            1.000000238418579,
            0.9999999403953552,
            1.0000001192092896,
            1.0,
            1.0,
            1.0,
            1.0,
            0.9999998807907104,
            1.0000001192092896,
            0.9999999403953552,
            1.0,
            1.0,
            1.0,
            1.0000001192092896,
            1.0,
            1.0,
            1.0,
            0.9999998807907104,
            1.0,
            1.0000001192092896,
            1.0,
            1.0,
            1.0,
            0.9999999403953552,
            1.0,
            1.0,
            0.9999999403953552,
            1.0,
            1.0000001192092896,
            0.9999999403953552,
            1.0
        ],
        "general": {
            "walls": {
                "min": 0.9987824559211731,
                "max": 1.000000238418579,
                "mean": 0.9999925494194031,
                "median": 1.0,
                "std": 8.629742660559714e-05
            }
        }
    }
}