{
    "scale": null,
    "rotation": null,
    "translation": null,
    "ious": {
        "columns": [
            2.9999241828918457,
            0.9999746084213257,
            0.9999746084213257,
            1.0,
            1.0,
            1.0,
            1.0,
            1.0,
            0.9999746084213257,
            0.9999746084213257,
            1.0000253915786743,
            0.9999491572380066,
            1.0,
            1.0,
            1.0,
            1.0,
            0.9999746084213257,
            0.9999746084213257,
            0.9999873042106628,
            1.0000126361846924,
            1.0,
            0.9999745488166809,
            0.9999745488166809,
            1.0,
            1.0000064373016357,
            1.0,
            0.9999935626983643,
            0.9999935626983643,
            1.0
        ],
        "doors": [
            0.0,
            0.0,
            0.0,
            0.0,
            0.0,
            0.0,
            0.0,
            0.0,
            0.0,
            0.0,
            0.0,
            0.0,
            0.0,
            0.0,
            0.0,
            0.0,
            0.0,
            0.0,
            0.0,
            0.0,
            0.0,
            0.0,
            0.0,
            0.0,
            0.0,
            0.0,
            0.0,
            0.0,
            0.0,
            0.0,
            0.0,
            0.0,
            0.0,
            0.0,
            0.0,
            0.0,
            0.0,
            0.0,
            0.0,
            0.0,
            0.0,
            0.0,
            0.0,
            0.0,
            0.0,
            0.0,
            0.0,
            0.0,
            0.0,
            0.0,
            0.0,
            0.0,
            0.0,
            0.0,
            0.0,
            0.0,
            0.0,
            0.0,
            0.0,
            0.0,
            0.0,
            0.0,
            0.0,
            0.0,
            0.0,
            0.0,
            0.0,
            0.0,
            0.0,
            0.0,
            0.0,
            0.0,
            0.0,
            0.0,
            0.0,
            0.0,
            0.0,
            0.0,
            0.0,
            0.0,
            0.0,
            0.0,
            0.0,
            0.0,
            0.0,
            0.0,
            0.0,
            0.0
        ],
        "walls": [
            0.021527955308556557,
            0.0032279978040605783,
            0.003964591305702925,
            0.032140038907527924,
            0.01584617607295513,
            0.02827289327979088,
            0.04925025627017021,
            0.013888687826693058,
            0.070175901055336,
            0.0317610464990139,
            0.0866086333990097,
            0.01620480790734291,
            0.04830599203705788,
            0.004465905483812094,
            0.004621925298124552,
            0.01771858148276806,
            0.015104446560144424,
            0.01510498858988285,
            0.02538366988301277,
            0.0035812589339911938,
            0.03925014287233353,
            0.007663628552109003,
            0.020151261240243912,
            0.003926026169210672,
            0.012644111178815365,
            0.012644111178815365,
            0.012644111178815365,
            0.020838288590312004,
            0.011379823088645935,
            0.06342030316591263,
            0.06995337456464767,
            0.0645734891295433,
            0.024314571171998978,
            0.00837734341621399,
            0.03550267964601517,
            0.06988801807165146,
            0.05559045821428299,
            0.0035279509611427784,
            0.014886501245200634,
            0.014886501245200634,
            0.01488596759736538,
            0.014886501245200634,
            0.014886501245200634,
            0.021756844595074654,
            0.0234514307230711,
            0.036279451102018356,
            0.02263335883617401,
            0.0752093493938446,
            0.014948991127312183,
            0.003754893783479929,
            0.013052894733846188,
            0.012224831618368626,
            0.031135590746998787,
            0.09752671420574188,
            0.025036871433258057,
            0.08086752891540527,
            0.009521245025098324,
            0.08086752891540527,
            0.014334729872643948,
            0.006558617111295462,
            0.010942505672574043,
            0.01468243170529604,
            0.014546587131917477,
            0.004529451951384544,
            0.014546587131917477,
            0.00644922349601984,
            0.004045254550874233,
            0.017505750060081482,
            0.014841077849268913,
            0.014841077849268913,
            0.013441369868814945,
            0.01726902462542057,
            0.013441369868814945,
            0.013205145485699177,
            0.015510703437030315,
            0.017559850588440895,
            0.038723696023225784,
            0.012709911912679672,
            0.07600688934326172,
            0.01468243170529604,
            0.10152334719896317,
            0.028010955080389977,
            0.039495114237070084,
            0.042887475341558456,
            0.10581906139850616,
            0.014614971354603767,
            0.017158061265945435,
            0.017157798632979393,
            0.0147567642852664,
            0.003023020690307021,
            0.00730657484382391,
            0.15193213522434235,
            0.03569023683667183,
            0.018514292314648628,
            0.03519730269908905,
            0.010636384598910809,
            0.007671435829252005,
            0.009086837992072105,
            0.004239716567099094,
            0.0120499012991786,
            0.0120499012991786,
            0.014131477102637291,
            0.03713111951947212,
            0.08611981570720673,
            0.07226794213056564,
            0.17593298852443695,
            0.0166245736181736,
            0.02648875117301941,
            0.007108492776751518,
            0.037097398191690445,
            0.3526545464992523,
            0.03676439821720123,
            0.3286280930042267,
            0.7382473349571228,
            0.08439502865076065,
            0.08226463198661804,
            0.12116298079490662,
            0.07379073649644852,
            0.011562684550881386,
            0.011046635918319225,
            0.020169658586382866,
            0.011046299710869789,
            0.011046299710869789,
            0.02416582591831684,
            0.011129502207040787,
            0.0075135906226933,
            0.008851001970469952,
            0.005927502177655697,
            0.009477151557803154,
            0.014899569563567638,
            0.0073495423421263695,
            0.006138269789516926,
            0.07870680093765259,
            0.053293377161026,
            0.052330534905195236,
            0.01858006790280342,
            0.018579784780740738,
            0.009840264916419983,
            0.005931325722485781,
            0.009827692061662674,
            0.011621049605309963,
            0.1440761536359787,
            0.07335373014211655,
            0.1763635277748108,
            0.015755439177155495,
            0.026031436398625374,
            0.09341607987880707,
            0.019253402948379517,
            0.06595239788293839,
            0.03880109637975693,
            0.015989860519766808,
            0.025419428944587708,
            0.12116574496030807,
            0.020014910027384758,
            0.01539023220539093,
            0.30261120200157166,
            0.008376694284379482,
            0.018335243687033653,
            0.01461958047002554,
            0.053625158965587616,
            0.04686426743865013,
            0.1825028508901596,
            0.2000018060207367,
            0.35424354672431946,
            0.03749968856573105,
            0.11608930677175522,
            0.010852857492864132,
